{"cameraMode":{"drawMode":0,"name":"Shaded","section":"Shading Mode"},"sceneLighting":false,"audioPlay":false,"sceneViewState":{"m_AlwaysRefresh":false,"showFog":true,"showSkybox":false,"showFlares":true,"showImageEffects":true,"showParticleSystems":true,"showVisualEffectGraphs":true,"m_FxEnabled":true},"in2DMode":false,"pivot":{"x":0.5830386877059937,"y":0.1553783416748047,"z":11.684113502502442},"rotation":{"x":-0.5180633664131165,"y":-0.12476745247840882,"z":0.07666967064142227,"w":-0.8428572416305542},"size":6.507432460784912,"orthographic":false}