{"cameraMode":{"drawMode":0,"name":"Shaded","section":"Shading Mode"},"sceneLighting":false,"audioPlay":false,"sceneViewState":{"m_AlwaysRefresh":false,"showFog":true,"showSkybox":false,"showFlares":true,"showImageEffects":true,"showParticleSystems":true,"showVisualEffectGraphs":true,"m_FxEnabled":true},"in2DMode":false,"pivot":{"x":185.49002075195313,"y":1.7416061162948609,"z":-402.3097229003906},"rotation":{"x":-0.5527034997940064,"y":-0.013994446024298668,"z":0.009226931259036065,"w":-0.8333475589752197},"size":11.699980735778809,"orthographic":false}