{"count":1,"self":274.7712512,"total":2137.5538873,"children":{"InitializeActuators":{"count":32,"self":0.0029993999999999997,"total":0.0029993999999999997,"children":null},"InitializeSensors":{"count":32,"self":0.0010000999999999999,"total":0.0010000999999999999,"children":null},"AgentSendState":{"count":312667,"self":9.2400456,"total":32.1524674,"children":{"CollectObservations":{"count":2001088,"self":4.4036104,"total":4.4036102,"children":null},"WriteActionMask":{"count":2001088,"self":1.7045956,"total":1.7045956999999998,"children":null},"RequestDecision":{"count":2001088,"self":9.3170752,"total":16.8042156,"children":{"AgentInfo.ToProto":{"count":1000544,"self":2.8439891999999998,"total":7.4871403,"children":{"GenerateSensorData":{"count":1000544,"self":4.6431512,"total":4.6431511,"children":null}}}}}}},"DecideAction":{"count":312667,"self":1810.4348671999999,"total":1810.4348416,"children":null},"AgentAct":{"count":312667,"self":19.6002032,"total":19.7811321,"children":{"AgentInfo.ToProto":{"count":13634,"self":0.069977299999999992,"total":0.1809294,"children":{"GenerateSensorData":{"count":13634,"self":0.1109521,"total":0.1109521,"children":null}}}}},"AgentInfo.ToProto":{"count":25145,"self":0.18327369999999998,"total":0.4091994,"children":{"GenerateSensorData":{"count":25145,"self":0.22592569999999998,"total":0.22592569999999998,"children":null}}}},"gauges":{"TargetAgent.CumulativeReward":{"count":38779,"max":1,"min":0,"runningAverage":0.2449515,"value":0,"weightedAverage":0.238157183},"MoveToGoal.CumulativeReward":{"count":32891,"max":2,"min":0,"runningAverage":0.752447963,"value":0,"weightedAverage":0.6111733}},"metadata":{"timer_format_version":"0.1.0","start_time_seconds":"1613493261","unity_version":"2020.2.3f1","command_line_arguments":"D:\\2020.2.3f1\\Editor\\Unity.exe -projectpath D:\/Unity Projects\/OHSHIT -useHub -hubIPC -cloudEnvironment production -hubSessionId b33974e0-706f-11eb-b425-edcdb2cbfd3f -accessToken sfJ0MhSAMDfMQm869WpheyKUbDIl-mKRTnvO4y7c4_s009f","communication_protocol_version":"1.3.0","com.unity.ml-agents_version":"1.7.2-preview","scene_name":"SampleScene","end_time_seconds":"1613495399"}}