{"count":1,"self":11540.0728576,"total":94013.307258599991,"children":{"InitializeActuators":{"count":6,"self":0.002999,"total":0.002999,"children":null},"InitializeSensors":{"count":6,"self":0.0019992,"total":0.0019992,"children":null},"AgentSendState":{"count":13268501,"self":79.166003199999992,"total":5296.2334143,"children":{"CollectObservations":{"count":9951378,"self":23.167592,"total":23.1675921,"children":null},"WriteActionMask":{"count":9951378,"self":10.7069616,"total":10.706961999999999,"children":null},"RequestDecision":{"count":9951378,"self":48.4484,"total":5183.1928548,"children":{"AgentInfo.ToProto":{"count":9951378,"self":36.2417344,"total":5134.7444551,"children":{"GenerateSensorData":{"count":9951378,"self":487.08341759999996,"total":5098.5027200999994,"children":{"RayPerceptionSensor.Perceive":{"count":59708268,"self":4611.4193408,"total":4611.4193025999994,"children":null}}}}}}}}},"DecideAction":{"count":13268501,"self":76975.472639999993,"total":76975.474413399992,"children":null},"AgentAct":{"count":13268501,"self":194.1133184,"total":194.11331859999999,"children":null},"AgentInfo.ToProto":{"count":14514,"self":0.0860027,"total":7.4070263,"children":{"GenerateSensorData":{"count":14514,"self":0.7554287,"total":7.3210235999999993,"children":{"RayPerceptionSensor.Perceive":{"count":87084,"self":6.5655947999999995,"total":6.5655949,"children":null}}}}}},"gauges":{"BusAgent.CumulativeReward":{"count":14514,"max":8.400002,"min":-2,"runningAverage":5.129002,"value":7.40000057,"weightedAverage":6.812225}},"metadata":{"timer_format_version":"0.1.0","start_time_seconds":"1617564946","unity_version":"2020.2.3f1","command_line_arguments":"D:\\2020.2.3f1\\Editor\\Unity.exe -projectpath D:\/Unity Projects\/OHSHIT (1) -useHub -hubIPC -cloudEnvironment production -hubSessionId d8a57450-957b-11eb-8870-13fc4b3c3e0f -accessToken dZPMEvMPfqfJ1rZPmTUxST3YcIyOW3Q7tc333EHW5JA009f","communication_protocol_version":"1.4.0","com.unity.ml-agents_version":"1.8.1-preview","scene_name":"StraightTraining","end_time_seconds":"1617658959"}}