{"count":1,"self":988.0998912,"total":6313.597656,"children":{"InitializeActuators":{"count":48,"self":0.0030004999999999997,"total":0.0030004999999999997,"children":null},"InitializeSensors":{"count":48,"self":0.00099969999999999985,"total":0.00099969999999999985,"children":null},"AgentInfo.ToProto":{"count":21391,"self":0.1439369,"total":9.8172584,"children":{"GenerateSensorData":{"count":21391,"self":9.6733216,"total":9.6733215,"children":null}}},"AgentSendState":{"count":417017,"self":11.8338264,"total":629.79127799999992,"children":{"CollectObservations":{"count":2001696,"self":10.9886608,"total":10.9886609,"children":null},"WriteActionMask":{"count":2001696,"self":2.1382054,"total":2.1382054,"children":null},"RequestDecision":{"count":2001696,"self":15.1162,"total":604.8305856,"children":{"AgentInfo.ToProto":{"count":2001696,"self":9.5062416,"total":589.7143863,"children":{"GenerateSensorData":{"count":2001696,"self":580.208128,"total":580.2081448,"children":null}}}}}}},"DecideAction":{"count":417017,"self":4666.4716288,"total":4666.4717476999995,"children":null},"AgentAct":{"count":417017,"self":19.411529599999998,"total":19.4115292,"children":null}},"gauges":{"2d.CumulativeReward":{"count":21367,"max":6,"min":-33,"runningAverage":-5.434032,"value":-10,"weightedAverage":-11.69803}},"metadata":{"timer_format_version":"0.1.0","start_time_seconds":"1614335765","unity_version":"2020.2.3f1","command_line_arguments":"D:\\2020.2.3f1\\Editor\\Unity.exe -projectpath D:\/Unity Projects\/OHSHIT -useHub -hubIPC -cloudEnvironment production -hubSessionId 7f207190-774a-11eb-afe0-c1ae5526ad76 -accessToken paLb2mkDL_rrcNNESq1dF3ff6zbquXbqP0xg-siEnNE009f","communication_protocol_version":"1.3.0","com.unity.ml-agents_version":"1.7.2-preview","scene_name":"Bus2D","end_time_seconds":"1614342078"}}